config_id,variant,burstInterval_min,burstInterval_max,burstMax,selectionProb,networkDelayMs_min,networkDelayMs_max,rateMultiplier,microGapMs
cfg_0001,delayed_replay,50,150,10,0.2,20.0,80.0,,
cfg_0002,delayed_replay,50,150,10,0.2,50.0,200.0,,
cfg_0003,delayed_replay,50,150,10,0.2,200.0,600.0,,
cfg_0004,delayed_replay,50,150,10,0.5,20.0,80.0,,
cfg_0005,delayed_replay,50,150,10,0.5,50.0,200.0,,
cfg_0006,delayed_replay,50,150,10,0.5,200.0,600.0,,
cfg_0007,delayed_replay,50,150,10,0.9,20.0,80.0,,
cfg_0008,delayed_replay,50,150,10,0.9,50.0,200.0,,
cfg_0009,delayed_replay,50,150,10,0.9,200.0,600.0,,
cfg_0010,delayed_replay,50,150,100,0.2,20.0,80.0,,
cfg_0011,delayed_replay,50,150,100,0.2,50.0,200.0,,
cfg_0012,delayed_replay,50,150,100,0.2,200.0,600.0,,
cfg_0013,delayed_replay,50,150,100,0.5,20.0,80.0,,
cfg_0014,delayed_replay,50,150,100,0.5,50.0,200.0,,
cfg_0015,delayed_replay,50,150,100,0.5,200.0,600.0,,
cfg_0016,delayed_replay,50,150,100,0.9,20.0,80.0,,
cfg_0017,delayed_replay,50,150,100,0.9,50.0,200.0,,
cfg_0018,delayed_replay,50,150,100,0.9,200.0,600.0,,
cfg_0019,delayed_replay,50,150,500,0.2,20.0,80.0,,
cfg_0020,delayed_replay,50,150,500,0.2,50.0,200.0,,
cfg_0021,delayed_replay,50,150,500,0.2,200.0,600.0,,
cfg_0022,delayed_replay,50,150,500,0.5,20.0,80.0,,
cfg_0023,delayed_replay,50,150,500,0.5,50.0,200.0,,
cfg_0024,delayed_replay,50,150,500,0.5,200.0,600.0,,
cfg_0025,delayed_replay,50,150,500,0.9,20.0,80.0,,
cfg_0026,delayed_replay,50,150,500,0.9,50.0,200.0,,
cfg_0027,delayed_replay,50,150,500,0.9,200.0,600.0,,
cfg_0028,delayed_replay,200,500,10,0.2,20.0,80.0,,
cfg_0029,delayed_replay,200,500,10,0.2,50.0,200.0,,
cfg_0030,delayed_replay,200,500,10,0.2,200.0,600.0,,
cfg_0031,delayed_replay,200,500,10,0.5,20.0,80.0,,
cfg_0032,delayed_replay,200,500,10,0.5,50.0,200.0,,
cfg_0033,delayed_replay,200,500,10,0.5,200.0,600.0,,
cfg_0034,delayed_replay,200,500,10,0.9,20.0,80.0,,
cfg_0035,delayed_replay,200,500,10,0.9,50.0,200.0,,
cfg_0036,delayed_replay,200,500,10,0.9,200.0,600.0,,
cfg_0037,delayed_replay,200,500,100,0.2,20.0,80.0,,
cfg_0038,delayed_replay,200,500,100,0.2,50.0,200.0,,
cfg_0039,delayed_replay,200,500,100,0.2,200.0,600.0,,
cfg_0040,delayed_replay,200,500,100,0.5,20.0,80.0,,
cfg_0041,delayed_replay,200,500,100,0.5,50.0,200.0,,
cfg_0042,delayed_replay,200,500,100,0.5,200.0,600.0,,
cfg_0043,delayed_replay,200,500,100,0.9,20.0,80.0,,
cfg_0044,delayed_replay,200,500,100,0.9,50.0,200.0,,
cfg_0045,delayed_replay,200,500,100,0.9,200.0,600.0,,
cfg_0046,delayed_replay,200,500,500,0.2,20.0,80.0,,
cfg_0047,delayed_replay,200,500,500,0.2,50.0,200.0,,
cfg_0048,delayed_replay,200,500,500,0.2,200.0,600.0,,
cfg_0049,delayed_replay,200,500,500,0.5,20.0,80.0,,
cfg_0050,delayed_replay,200,500,500,0.5,50.0,200.0,,
cfg_0051,delayed_replay,200,500,500,0.5,200.0,600.0,,
cfg_0052,delayed_replay,200,500,500,0.9,20.0,80.0,,
cfg_0053,delayed_replay,200,500,500,0.9,50.0,200.0,,
cfg_0054,delayed_replay,200,500,500,0.9,200.0,600.0,,
cfg_0055,delayed_replay,800,1500,10,0.2,20.0,80.0,,
cfg_0056,delayed_replay,800,1500,10,0.2,50.0,200.0,,
cfg_0057,delayed_replay,800,1500,10,0.2,200.0,600.0,,
cfg_0058,delayed_replay,800,1500,10,0.5,20.0,80.0,,
cfg_0059,delayed_replay,800,1500,10,0.5,50.0,200.0,,
cfg_0060,delayed_replay,800,1500,10,0.5,200.0,600.0,,
cfg_0061,delayed_replay,800,1500,10,0.9,20.0,80.0,,
cfg_0062,delayed_replay,800,1500,10,0.9,50.0,200.0,,
cfg_0063,delayed_replay,800,1500,10,0.9,200.0,600.0,,
cfg_0064,delayed_replay,800,1500,100,0.2,20.0,80.0,,
cfg_0065,delayed_replay,800,1500,100,0.2,50.0,200.0,,
cfg_0066,delayed_replay,800,1500,100,0.2,200.0,600.0,,
cfg_0067,delayed_replay,800,1500,100,0.5,20.0,80.0,,
cfg_0068,delayed_replay,800,1500,100,0.5,50.0,200.0,,
cfg_0069,delayed_replay,800,1500,100,0.5,200.0,600.0,,
cfg_0070,delayed_replay,800,1500,100,0.9,20.0,80.0,,
cfg_0071,delayed_replay,800,1500,100,0.9,50.0,200.0,,
cfg_0072,delayed_replay,800,1500,100,0.9,200.0,600.0,,
cfg_0073,delayed_replay,800,1500,500,0.2,20.0,80.0,,
cfg_0074,delayed_replay,800,1500,500,0.2,50.0,200.0,,
cfg_0075,delayed_replay,800,1500,500,0.2,200.0,600.0,,
cfg_0076,delayed_replay,800,1500,500,0.5,20.0,80.0,,
cfg_0077,delayed_replay,800,1500,500,0.5,50.0,200.0,,
cfg_0078,delayed_replay,800,1500,500,0.5,200.0,600.0,,
cfg_0079,delayed_replay,800,1500,500,0.9,20.0,80.0,,
cfg_0080,delayed_replay,800,1500,500,0.9,50.0,200.0,,
cfg_0081,delayed_replay,800,1500,500,0.9,200.0,600.0,,
cfg_0082,delayed_replay_backoff,50,150,10,0.2,20.0,80.0,1.1,
cfg_0083,delayed_replay_backoff,50,150,10,0.2,20.0,80.0,2.0,
cfg_0084,delayed_replay_backoff,50,150,10,0.2,20.0,80.0,4.0,
cfg_0085,delayed_replay_backoff,50,150,10,0.2,50.0,200.0,1.1,
cfg_0086,delayed_replay_backoff,50,150,10,0.2,50.0,200.0,2.0,
cfg_0087,delayed_replay_backoff,50,150,10,0.2,50.0,200.0,4.0,
cfg_0088,delayed_replay_backoff,50,150,10,0.2,200.0,600.0,1.1,
cfg_0089,delayed_replay_backoff,50,150,10,0.2,200.0,600.0,2.0,
cfg_0090,delayed_replay_backoff,50,150,10,0.2,200.0,600.0,4.0,
cfg_0091,delayed_replay_backoff,50,150,10,0.5,20.0,80.0,1.1,
cfg_0092,delayed_replay_backoff,50,150,10,0.5,20.0,80.0,2.0,
cfg_0093,delayed_replay_backoff,50,150,10,0.5,20.0,80.0,4.0,
cfg_0094,delayed_replay_backoff,50,150,10,0.5,50.0,200.0,1.1,
cfg_0095,delayed_replay_backoff,50,150,10,0.5,50.0,200.0,2.0,
cfg_0096,delayed_replay_backoff,50,150,10,0.5,50.0,200.0,4.0,
cfg_0097,delayed_replay_backoff,50,150,10,0.5,200.0,600.0,1.1,
cfg_0098,delayed_replay_backoff,50,150,10,0.5,200.0,600.0,2.0,
cfg_0099,delayed_replay_backoff,50,150,10,0.5,200.0,600.0,4.0,
cfg_0100,delayed_replay_backoff,50,150,10,0.9,20.0,80.0,1.1,
cfg_0101,delayed_replay_backoff,50,150,10,0.9,20.0,80.0,2.0,
cfg_0102,delayed_replay_backoff,50,150,10,0.9,20.0,80.0,4.0,
cfg_0103,delayed_replay_backoff,50,150,10,0.9,50.0,200.0,1.1,
cfg_0104,delayed_replay_backoff,50,150,10,0.9,50.0,200.0,2.0,
cfg_0105,delayed_replay_backoff,50,150,10,0.9,50.0,200.0,4.0,
cfg_0106,delayed_replay_backoff,50,150,10,0.9,200.0,600.0,1.1,
cfg_0107,delayed_replay_backoff,50,150,10,0.9,200.0,600.0,2.0,
cfg_0108,delayed_replay_backoff,50,150,10,0.9,200.0,600.0,4.0,
cfg_0109,delayed_replay_backoff,50,150,100,0.2,20.0,80.0,1.1,
cfg_0110,delayed_replay_backoff,50,150,100,0.2,20.0,80.0,2.0,
cfg_0111,delayed_replay_backoff,50,150,100,0.2,20.0,80.0,4.0,
cfg_0112,delayed_replay_backoff,50,150,100,0.2,50.0,200.0,1.1,
cfg_0113,delayed_replay_backoff,50,150,100,0.2,50.0,200.0,2.0,
cfg_0114,delayed_replay_backoff,50,150,100,0.2,50.0,200.0,4.0,
cfg_0115,delayed_replay_backoff,50,150,100,0.2,200.0,600.0,1.1,
cfg_0116,delayed_replay_backoff,50,150,100,0.2,200.0,600.0,2.0,
cfg_0117,delayed_replay_backoff,50,150,100,0.2,200.0,600.0,4.0,
cfg_0118,delayed_replay_backoff,50,150,100,0.5,20.0,80.0,1.1,
cfg_0119,delayed_replay_backoff,50,150,100,0.5,20.0,80.0,2.0,
cfg_0120,delayed_replay_backoff,50,150,100,0.5,20.0,80.0,4.0,
cfg_0121,delayed_replay_backoff,50,150,100,0.5,50.0,200.0,1.1,
cfg_0122,delayed_replay_backoff,50,150,100,0.5,50.0,200.0,2.0,
cfg_0123,delayed_replay_backoff,50,150,100,0.5,50.0,200.0,4.0,
cfg_0124,delayed_replay_backoff,50,150,100,0.5,200.0,600.0,1.1,
cfg_0125,delayed_replay_backoff,50,150,100,0.5,200.0,600.0,2.0,
cfg_0126,delayed_replay_backoff,50,150,100,0.5,200.0,600.0,4.0,
cfg_0127,delayed_replay_backoff,50,150,100,0.9,20.0,80.0,1.1,
cfg_0128,delayed_replay_backoff,50,150,100,0.9,20.0,80.0,2.0,
cfg_0129,delayed_replay_backoff,50,150,100,0.9,20.0,80.0,4.0,
cfg_0130,delayed_replay_backoff,50,150,100,0.9,50.0,200.0,1.1,
cfg_0131,delayed_replay_backoff,50,150,100,0.9,50.0,200.0,2.0,
cfg_0132,delayed_replay_backoff,50,150,100,0.9,50.0,200.0,4.0,
cfg_0133,delayed_replay_backoff,50,150,100,0.9,200.0,600.0,1.1,
cfg_0134,delayed_replay_backoff,50,150,100,0.9,200.0,600.0,2.0,
cfg_0135,delayed_replay_backoff,50,150,100,0.9,200.0,600.0,4.0,
cfg_0136,delayed_replay_backoff,50,150,500,0.2,20.0,80.0,1.1,
cfg_0137,delayed_replay_backoff,50,150,500,0.2,20.0,80.0,2.0,
cfg_0138,delayed_replay_backoff,50,150,500,0.2,20.0,80.0,4.0,
cfg_0139,delayed_replay_backoff,50,150,500,0.2,50.0,200.0,1.1,
cfg_0140,delayed_replay_backoff,50,150,500,0.2,50.0,200.0,2.0,
cfg_0141,delayed_replay_backoff,50,150,500,0.2,50.0,200.0,4.0,
cfg_0142,delayed_replay_backoff,50,150,500,0.2,200.0,600.0,1.1,
cfg_0143,delayed_replay_backoff,50,150,500,0.2,200.0,600.0,2.0,
cfg_0144,delayed_replay_backoff,50,150,500,0.2,200.0,600.0,4.0,
cfg_0145,delayed_replay_backoff,50,150,500,0.5,20.0,80.0,1.1,
cfg_0146,delayed_replay_backoff,50,150,500,0.5,20.0,80.0,2.0,
cfg_0147,delayed_replay_backoff,50,150,500,0.5,20.0,80.0,4.0,
cfg_0148,delayed_replay_backoff,50,150,500,0.5,50.0,200.0,1.1,
cfg_0149,delayed_replay_backoff,50,150,500,0.5,50.0,200.0,2.0,
cfg_0150,delayed_replay_backoff,50,150,500,0.5,50.0,200.0,4.0,
cfg_0151,delayed_replay_backoff,50,150,500,0.5,200.0,600.0,1.1,
cfg_0152,delayed_replay_backoff,50,150,500,0.5,200.0,600.0,2.0,
cfg_0153,delayed_replay_backoff,50,150,500,0.5,200.0,600.0,4.0,
cfg_0154,delayed_replay_backoff,50,150,500,0.9,20.0,80.0,1.1,
cfg_0155,delayed_replay_backoff,50,150,500,0.9,20.0,80.0,2.0,
cfg_0156,delayed_replay_backoff,50,150,500,0.9,20.0,80.0,4.0,
cfg_0157,delayed_replay_backoff,50,150,500,0.9,50.0,200.0,1.1,
cfg_0158,delayed_replay_backoff,50,150,500,0.9,50.0,200.0,2.0,
cfg_0159,delayed_replay_backoff,50,150,500,0.9,50.0,200.0,4.0,
cfg_0160,delayed_replay_backoff,50,150,500,0.9,200.0,600.0,1.1,
cfg_0161,delayed_replay_backoff,50,150,500,0.9,200.0,600.0,2.0,
cfg_0162,delayed_replay_backoff,50,150,500,0.9,200.0,600.0,4.0,
cfg_0163,delayed_replay_backoff,200,500,10,0.2,20.0,80.0,1.1,
cfg_0164,delayed_replay_backoff,200,500,10,0.2,20.0,80.0,2.0,
cfg_0165,delayed_replay_backoff,200,500,10,0.2,20.0,80.0,4.0,
cfg_0166,delayed_replay_backoff,200,500,10,0.2,50.0,200.0,1.1,
cfg_0167,delayed_replay_backoff,200,500,10,0.2,50.0,200.0,2.0,
cfg_0168,delayed_replay_backoff,200,500,10,0.2,50.0,200.0,4.0,
cfg_0169,delayed_replay_backoff,200,500,10,0.2,200.0,600.0,1.1,
cfg_0170,delayed_replay_backoff,200,500,10,0.2,200.0,600.0,2.0,
cfg_0171,delayed_replay_backoff,200,500,10,0.2,200.0,600.0,4.0,
cfg_0172,delayed_replay_backoff,200,500,10,0.5,20.0,80.0,1.1,
cfg_0173,delayed_replay_backoff,200,500,10,0.5,20.0,80.0,2.0,
cfg_0174,delayed_replay_backoff,200,500,10,0.5,20.0,80.0,4.0,
cfg_0175,delayed_replay_backoff,200,500,10,0.5,50.0,200.0,1.1,
cfg_0176,delayed_replay_backoff,200,500,10,0.5,50.0,200.0,2.0,
cfg_0177,delayed_replay_backoff,200,500,10,0.5,50.0,200.0,4.0,
cfg_0178,delayed_replay_backoff,200,500,10,0.5,200.0,600.0,1.1,
cfg_0179,delayed_replay_backoff,200,500,10,0.5,200.0,600.0,2.0,
cfg_0180,delayed_replay_backoff,200,500,10,0.5,200.0,600.0,4.0,
cfg_0181,delayed_replay_backoff,200,500,10,0.9,20.0,80.0,1.1,
cfg_0182,delayed_replay_backoff,200,500,10,0.9,20.0,80.0,2.0,
cfg_0183,delayed_replay_backoff,200,500,10,0.9,20.0,80.0,4.0,
cfg_0184,delayed_replay_backoff,200,500,10,0.9,50.0,200.0,1.1,
cfg_0185,delayed_replay_backoff,200,500,10,0.9,50.0,200.0,2.0,
cfg_0186,delayed_replay_backoff,200,500,10,0.9,50.0,200.0,4.0,
cfg_0187,delayed_replay_backoff,200,500,10,0.9,200.0,600.0,1.1,
cfg_0188,delayed_replay_backoff,200,500,10,0.9,200.0,600.0,2.0,
cfg_0189,delayed_replay_backoff,200,500,10,0.9,200.0,600.0,4.0,
cfg_0190,delayed_replay_backoff,200,500,100,0.2,20.0,80.0,1.1,
cfg_0191,delayed_replay_backoff,200,500,100,0.2,20.0,80.0,2.0,
cfg_0192,delayed_replay_backoff,200,500,100,0.2,20.0,80.0,4.0,
cfg_0193,delayed_replay_backoff,200,500,100,0.2,50.0,200.0,1.1,
cfg_0194,delayed_replay_backoff,200,500,100,0.2,50.0,200.0,2.0,
cfg_0195,delayed_replay_backoff,200,500,100,0.2,50.0,200.0,4.0,
cfg_0196,delayed_replay_backoff,200,500,100,0.2,200.0,600.0,1.1,
cfg_0197,delayed_replay_backoff,200,500,100,0.2,200.0,600.0,2.0,
cfg_0198,delayed_replay_backoff,200,500,100,0.2,200.0,600.0,4.0,
cfg_0199,delayed_replay_backoff,200,500,100,0.5,20.0,80.0,1.1,
cfg_0200,delayed_replay_backoff,200,500,100,0.5,20.0,80.0,2.0,
cfg_0201,delayed_replay_backoff,200,500,100,0.5,20.0,80.0,4.0,
cfg_0202,delayed_replay_backoff,200,500,100,0.5,50.0,200.0,1.1,
cfg_0203,delayed_replay_backoff,200,500,100,0.5,50.0,200.0,2.0,
cfg_0204,delayed_replay_backoff,200,500,100,0.5,50.0,200.0,4.0,
cfg_0205,delayed_replay_backoff,200,500,100,0.5,200.0,600.0,1.1,
cfg_0206,delayed_replay_backoff,200,500,100,0.5,200.0,600.0,2.0,
cfg_0207,delayed_replay_backoff,200,500,100,0.5,200.0,600.0,4.0,
cfg_0208,delayed_replay_backoff,200,500,100,0.9,20.0,80.0,1.1,
cfg_0209,delayed_replay_backoff,200,500,100,0.9,20.0,80.0,2.0,
cfg_0210,delayed_replay_backoff,200,500,100,0.9,20.0,80.0,4.0,
cfg_0211,delayed_replay_backoff,200,500,100,0.9,50.0,200.0,1.1,
cfg_0212,delayed_replay_backoff,200,500,100,0.9,50.0,200.0,2.0,
cfg_0213,delayed_replay_backoff,200,500,100,0.9,50.0,200.0,4.0,
cfg_0214,delayed_replay_backoff,200,500,100,0.9,200.0,600.0,1.1,
cfg_0215,delayed_replay_backoff,200,500,100,0.9,200.0,600.0,2.0,
cfg_0216,delayed_replay_backoff,200,500,100,0.9,200.0,600.0,4.0,
cfg_0217,delayed_replay_backoff,200,500,500,0.2,20.0,80.0,1.1,
cfg_0218,delayed_replay_backoff,200,500,500,0.2,20.0,80.0,2.0,
cfg_0219,delayed_replay_backoff,200,500,500,0.2,20.0,80.0,4.0,
cfg_0220,delayed_replay_backoff,200,500,500,0.2,50.0,200.0,1.1,
cfg_0221,delayed_replay_backoff,200,500,500,0.2,50.0,200.0,2.0,
cfg_0222,delayed_replay_backoff,200,500,500,0.2,50.0,200.0,4.0,
cfg_0223,delayed_replay_backoff,200,500,500,0.2,200.0,600.0,1.1,
cfg_0224,delayed_replay_backoff,200,500,500,0.2,200.0,600.0,2.0,
cfg_0225,delayed_replay_backoff,200,500,500,0.2,200.0,600.0,4.0,
cfg_0226,delayed_replay_backoff,200,500,500,0.5,20.0,80.0,1.1,
cfg_0227,delayed_replay_backoff,200,500,500,0.5,20.0,80.0,2.0,
cfg_0228,delayed_replay_backoff,200,500,500,0.5,20.0,80.0,4.0,
cfg_0229,delayed_replay_backoff,200,500,500,0.5,50.0,200.0,1.1,
cfg_0230,delayed_replay_backoff,200,500,500,0.5,50.0,200.0,2.0,
cfg_0231,delayed_replay_backoff,200,500,500,0.5,50.0,200.0,4.0,
cfg_0232,delayed_replay_backoff,200,500,500,0.5,200.0,600.0,1.1,
cfg_0233,delayed_replay_backoff,200,500,500,0.5,200.0,600.0,2.0,
cfg_0234,delayed_replay_backoff,200,500,500,0.5,200.0,600.0,4.0,
cfg_0235,delayed_replay_backoff,200,500,500,0.9,20.0,80.0,1.1,
cfg_0236,delayed_replay_backoff,200,500,500,0.9,20.0,80.0,2.0,
cfg_0237,delayed_replay_backoff,200,500,500,0.9,20.0,80.0,4.0,
cfg_0238,delayed_replay_backoff,200,500,500,0.9,50.0,200.0,1.1,
cfg_0239,delayed_replay_backoff,200,500,500,0.9,50.0,200.0,2.0,
cfg_0240,delayed_replay_backoff,200,500,500,0.9,50.0,200.0,4.0,
cfg_0241,delayed_replay_backoff,200,500,500,0.9,200.0,600.0,1.1,
cfg_0242,delayed_replay_backoff,200,500,500,0.9,200.0,600.0,2.0,
cfg_0243,delayed_replay_backoff,200,500,500,0.9,200.0,600.0,4.0,
cfg_0244,delayed_replay_backoff,800,1500,10,0.2,20.0,80.0,1.1,
cfg_0245,delayed_replay_backoff,800,1500,10,0.2,20.0,80.0,2.0,
cfg_0246,delayed_replay_backoff,800,1500,10,0.2,20.0,80.0,4.0,
cfg_0247,delayed_replay_backoff,800,1500,10,0.2,50.0,200.0,1.1,
cfg_0248,delayed_replay_backoff,800,1500,10,0.2,50.0,200.0,2.0,
cfg_0249,delayed_replay_backoff,800,1500,10,0.2,50.0,200.0,4.0,
cfg_0250,delayed_replay_backoff,800,1500,10,0.2,200.0,600.0,1.1,
cfg_0251,delayed_replay_backoff,800,1500,10,0.2,200.0,600.0,2.0,
cfg_0252,delayed_replay_backoff,800,1500,10,0.2,200.0,600.0,4.0,
cfg_0253,delayed_replay_backoff,800,1500,10,0.5,20.0,80.0,1.1,
cfg_0254,delayed_replay_backoff,800,1500,10,0.5,20.0,80.0,2.0,
cfg_0255,delayed_replay_backoff,800,1500,10,0.5,20.0,80.0,4.0,
cfg_0256,delayed_replay_backoff,800,1500,10,0.5,50.0,200.0,1.1,
cfg_0257,delayed_replay_backoff,800,1500,10,0.5,50.0,200.0,2.0,
cfg_0258,delayed_replay_backoff,800,1500,10,0.5,50.0,200.0,4.0,
cfg_0259,delayed_replay_backoff,800,1500,10,0.5,200.0,600.0,1.1,
cfg_0260,delayed_replay_backoff,800,1500,10,0.5,200.0,600.0,2.0,
cfg_0261,delayed_replay_backoff,800,1500,10,0.5,200.0,600.0,4.0,
cfg_0262,delayed_replay_backoff,800,1500,10,0.9,20.0,80.0,1.1,
cfg_0263,delayed_replay_backoff,800,1500,10,0.9,20.0,80.0,2.0,
cfg_0264,delayed_replay_backoff,800,1500,10,0.9,20.0,80.0,4.0,
cfg_0265,delayed_replay_backoff,800,1500,10,0.9,50.0,200.0,1.1,
cfg_0266,delayed_replay_backoff,800,1500,10,0.9,50.0,200.0,2.0,
cfg_0267,delayed_replay_backoff,800,1500,10,0.9,50.0,200.0,4.0,
cfg_0268,delayed_replay_backoff,800,1500,10,0.9,200.0,600.0,1.1,
cfg_0269,delayed_replay_backoff,800,1500,10,0.9,200.0,600.0,2.0,
cfg_0270,delayed_replay_backoff,800,1500,10,0.9,200.0,600.0,4.0,
cfg_0271,delayed_replay_backoff,800,1500,100,0.2,20.0,80.0,1.1,
cfg_0272,delayed_replay_backoff,800,1500,100,0.2,20.0,80.0,2.0,
cfg_0273,delayed_replay_backoff,800,1500,100,0.2,20.0,80.0,4.0,
cfg_0274,delayed_replay_backoff,800,1500,100,0.2,50.0,200.0,1.1,
cfg_0275,delayed_replay_backoff,800,1500,100,0.2,50.0,200.0,2.0,
cfg_0276,delayed_replay_backoff,800,1500,100,0.2,50.0,200.0,4.0,
cfg_0277,delayed_replay_backoff,800,1500,100,0.2,200.0,600.0,1.1,
cfg_0278,delayed_replay_backoff,800,1500,100,0.2,200.0,600.0,2.0,
cfg_0279,delayed_replay_backoff,800,1500,100,0.2,200.0,600.0,4.0,
cfg_0280,delayed_replay_backoff,800,1500,100,0.5,20.0,80.0,1.1,
cfg_0281,delayed_replay_backoff,800,1500,100,0.5,20.0,80.0,2.0,
cfg_0282,delayed_replay_backoff,800,1500,100,0.5,20.0,80.0,4.0,
cfg_0283,delayed_replay_backoff,800,1500,100,0.5,50.0,200.0,1.1,
cfg_0284,delayed_replay_backoff,800,1500,100,0.5,50.0,200.0,2.0,
cfg_0285,delayed_replay_backoff,800,1500,100,0.5,50.0,200.0,4.0,
cfg_0286,delayed_replay_backoff,800,1500,100,0.5,200.0,600.0,1.1,
cfg_0287,delayed_replay_backoff,800,1500,100,0.5,200.0,600.0,2.0,
cfg_0288,delayed_replay_backoff,800,1500,100,0.5,200.0,600.0,4.0,
cfg_0289,delayed_replay_backoff,800,1500,100,0.9,20.0,80.0,1.1,
cfg_0290,delayed_replay_backoff,800,1500,100,0.9,20.0,80.0,2.0,
cfg_0291,delayed_replay_backoff,800,1500,100,0.9,20.0,80.0,4.0,
cfg_0292,delayed_replay_backoff,800,1500,100,0.9,50.0,200.0,1.1,
cfg_0293,delayed_replay_backoff,800,1500,100,0.9,50.0,200.0,2.0,
cfg_0294,delayed_replay_backoff,800,1500,100,0.9,50.0,200.0,4.0,
cfg_0295,delayed_replay_backoff,800,1500,100,0.9,200.0,600.0,1.1,
cfg_0296,delayed_replay_backoff,800,1500,100,0.9,200.0,600.0,2.0,
cfg_0297,delayed_replay_backoff,800,1500,100,0.9,200.0,600.0,4.0,
cfg_0298,delayed_replay_backoff,800,1500,500,0.2,20.0,80.0,1.1,
cfg_0299,delayed_replay_backoff,800,1500,500,0.2,20.0,80.0,2.0,
cfg_0300,delayed_replay_backoff,800,1500,500,0.2,20.0,80.0,4.0,
cfg_0301,delayed_replay_backoff,800,1500,500,0.2,50.0,200.0,1.1,
cfg_0302,delayed_replay_backoff,800,1500,500,0.2,50.0,200.0,2.0,
cfg_0303,delayed_replay_backoff,800,1500,500,0.2,50.0,200.0,4.0,
cfg_0304,delayed_replay_backoff,800,1500,500,0.2,200.0,600.0,1.1,
cfg_0305,delayed_replay_backoff,800,1500,500,0.2,200.0,600.0,2.0,
cfg_0306,delayed_replay_backoff,800,1500,500,0.2,200.0,600.0,4.0,
cfg_0307,delayed_replay_backoff,800,1500,500,0.5,20.0,80.0,1.1,
cfg_0308,delayed_replay_backoff,800,1500,500,0.5,20.0,80.0,2.0,
cfg_0309,delayed_replay_backoff,800,1500,500,0.5,20.0,80.0,4.0,
cfg_0310,delayed_replay_backoff,800,1500,500,0.5,50.0,200.0,1.1,
cfg_0311,delayed_replay_backoff,800,1500,500,0.5,50.0,200.0,2.0,
cfg_0312,delayed_replay_backoff,800,1500,500,0.5,50.0,200.0,4.0,
cfg_0313,delayed_replay_backoff,800,1500,500,0.5,200.0,600.0,1.1,
cfg_0314,delayed_replay_backoff,800,1500,500,0.5,200.0,600.0,2.0,
cfg_0315,delayed_replay_backoff,800,1500,500,0.5,200.0,600.0,4.0,
cfg_0316,delayed_replay_backoff,800,1500,500,0.9,20.0,80.0,1.1,
cfg_0317,delayed_replay_backoff,800,1500,500,0.9,20.0,80.0,2.0,
cfg_0318,delayed_replay_backoff,800,1500,500,0.9,20.0,80.0,4.0,
cfg_0319,delayed_replay_backoff,800,1500,500,0.9,50.0,200.0,1.1,
cfg_0320,delayed_replay_backoff,800,1500,500,0.9,50.0,200.0,2.0,
cfg_0321,delayed_replay_backoff,800,1500,500,0.9,50.0,200.0,4.0,
cfg_0322,delayed_replay_backoff,800,1500,500,0.9,200.0,600.0,1.1,
cfg_0323,delayed_replay_backoff,800,1500,500,0.9,200.0,600.0,2.0,
cfg_0324,delayed_replay_backoff,800,1500,500,0.9,200.0,600.0,4.0,
cfg_0325,delayed_replay_batch_dump,50,150,10,0.2,20.0,80.0,,1.0
cfg_0326,delayed_replay_batch_dump,50,150,10,0.2,20.0,80.0,,5.0
cfg_0327,delayed_replay_batch_dump,50,150,10,0.2,20.0,80.0,,20.0
cfg_0328,delayed_replay_batch_dump,50,150,10,0.2,50.0,200.0,,1.0
cfg_0329,delayed_replay_batch_dump,50,150,10,0.2,50.0,200.0,,5.0
cfg_0330,delayed_replay_batch_dump,50,150,10,0.2,50.0,200.0,,20.0
cfg_0331,delayed_replay_batch_dump,50,150,10,0.2,200.0,600.0,,1.0
cfg_0332,delayed_replay_batch_dump,50,150,10,0.2,200.0,600.0,,5.0
cfg_0333,delayed_replay_batch_dump,50,150,10,0.2,200.0,600.0,,20.0
cfg_0334,delayed_replay_batch_dump,50,150,10,0.5,20.0,80.0,,1.0
cfg_0335,delayed_replay_batch_dump,50,150,10,0.5,20.0,80.0,,5.0
cfg_0336,delayed_replay_batch_dump,50,150,10,0.5,20.0,80.0,,20.0
cfg_0337,delayed_replay_batch_dump,50,150,10,0.5,50.0,200.0,,1.0
cfg_0338,delayed_replay_batch_dump,50,150,10,0.5,50.0,200.0,,5.0
cfg_0339,delayed_replay_batch_dump,50,150,10,0.5,50.0,200.0,,20.0
cfg_0340,delayed_replay_batch_dump,50,150,10,0.5,200.0,600.0,,1.0
cfg_0341,delayed_replay_batch_dump,50,150,10,0.5,200.0,600.0,,5.0
cfg_0342,delayed_replay_batch_dump,50,150,10,0.5,200.0,600.0,,20.0
cfg_0343,delayed_replay_batch_dump,50,150,10,0.9,20.0,80.0,,1.0
cfg_0344,delayed_replay_batch_dump,50,150,10,0.9,20.0,80.0,,5.0
cfg_0345,delayed_replay_batch_dump,50,150,10,0.9,20.0,80.0,,20.0
cfg_0346,delayed_replay_batch_dump,50,150,10,0.9,50.0,200.0,,1.0
cfg_0347,delayed_replay_batch_dump,50,150,10,0.9,50.0,200.0,,5.0
cfg_0348,delayed_replay_batch_dump,50,150,10,0.9,50.0,200.0,,20.0
cfg_0349,delayed_replay_batch_dump,50,150,10,0.9,200.0,600.0,,1.0
cfg_0350,delayed_replay_batch_dump,50,150,10,0.9,200.0,600.0,,5.0
cfg_0351,delayed_replay_batch_dump,50,150,10,0.9,200.0,600.0,,20.0
cfg_0352,delayed_replay_batch_dump,50,150,100,0.2,20.0,80.0,,1.0
cfg_0353,delayed_replay_batch_dump,50,150,100,0.2,20.0,80.0,,5.0
cfg_0354,delayed_replay_batch_dump,50,150,100,0.2,20.0,80.0,,20.0
cfg_0355,delayed_replay_batch_dump,50,150,100,0.2,50.0,200.0,,1.0
cfg_0356,delayed_replay_batch_dump,50,150,100,0.2,50.0,200.0,,5.0
cfg_0357,delayed_replay_batch_dump,50,150,100,0.2,50.0,200.0,,20.0
cfg_0358,delayed_replay_batch_dump,50,150,100,0.2,200.0,600.0,,1.0
cfg_0359,delayed_replay_batch_dump,50,150,100,0.2,200.0,600.0,,5.0
cfg_0360,delayed_replay_batch_dump,50,150,100,0.2,200.0,600.0,,20.0
cfg_0361,delayed_replay_batch_dump,50,150,100,0.5,20.0,80.0,,1.0
cfg_0362,delayed_replay_batch_dump,50,150,100,0.5,20.0,80.0,,5.0
cfg_0363,delayed_replay_batch_dump,50,150,100,0.5,20.0,80.0,,20.0
cfg_0364,delayed_replay_batch_dump,50,150,100,0.5,50.0,200.0,,1.0
cfg_0365,delayed_replay_batch_dump,50,150,100,0.5,50.0,200.0,,5.0
cfg_0366,delayed_replay_batch_dump,50,150,100,0.5,50.0,200.0,,20.0
cfg_0367,delayed_replay_batch_dump,50,150,100,0.5,200.0,600.0,,1.0
cfg_0368,delayed_replay_batch_dump,50,150,100,0.5,200.0,600.0,,5.0
cfg_0369,delayed_replay_batch_dump,50,150,100,0.5,200.0,600.0,,20.0
cfg_0370,delayed_replay_batch_dump,50,150,100,0.9,20.0,80.0,,1.0
cfg_0371,delayed_replay_batch_dump,50,150,100,0.9,20.0,80.0,,5.0
cfg_0372,delayed_replay_batch_dump,50,150,100,0.9,20.0,80.0,,20.0
cfg_0373,delayed_replay_batch_dump,50,150,100,0.9,50.0,200.0,,1.0
cfg_0374,delayed_replay_batch_dump,50,150,100,0.9,50.0,200.0,,5.0
cfg_0375,delayed_replay_batch_dump,50,150,100,0.9,50.0,200.0,,20.0
cfg_0376,delayed_replay_batch_dump,50,150,100,0.9,200.0,600.0,,1.0
cfg_0377,delayed_replay_batch_dump,50,150,100,0.9,200.0,600.0,,5.0
cfg_0378,delayed_replay_batch_dump,50,150,100,0.9,200.0,600.0,,20.0
cfg_0379,delayed_replay_batch_dump,50,150,500,0.2,20.0,80.0,,1.0
cfg_0380,delayed_replay_batch_dump,50,150,500,0.2,20.0,80.0,,5.0
cfg_0381,delayed_replay_batch_dump,50,150,500,0.2,20.0,80.0,,20.0
cfg_0382,delayed_replay_batch_dump,50,150,500,0.2,50.0,200.0,,1.0
cfg_0383,delayed_replay_batch_dump,50,150,500,0.2,50.0,200.0,,5.0
cfg_0384,delayed_replay_batch_dump,50,150,500,0.2,50.0,200.0,,20.0
cfg_0385,delayed_replay_batch_dump,50,150,500,0.2,200.0,600.0,,1.0
cfg_0386,delayed_replay_batch_dump,50,150,500,0.2,200.0,600.0,,5.0
cfg_0387,delayed_replay_batch_dump,50,150,500,0.2,200.0,600.0,,20.0
cfg_0388,delayed_replay_batch_dump,50,150,500,0.5,20.0,80.0,,1.0
cfg_0389,delayed_replay_batch_dump,50,150,500,0.5,20.0,80.0,,5.0
cfg_0390,delayed_replay_batch_dump,50,150,500,0.5,20.0,80.0,,20.0
cfg_0391,delayed_replay_batch_dump,50,150,500,0.5,50.0,200.0,,1.0
cfg_0392,delayed_replay_batch_dump,50,150,500,0.5,50.0,200.0,,5.0
cfg_0393,delayed_replay_batch_dump,50,150,500,0.5,50.0,200.0,,20.0
cfg_0394,delayed_replay_batch_dump,50,150,500,0.5,200.0,600.0,,1.0
cfg_0395,delayed_replay_batch_dump,50,150,500,0.5,200.0,600.0,,5.0
cfg_0396,delayed_replay_batch_dump,50,150,500,0.5,200.0,600.0,,20.0
cfg_0397,delayed_replay_batch_dump,50,150,500,0.9,20.0,80.0,,1.0
cfg_0398,delayed_replay_batch_dump,50,150,500,0.9,20.0,80.0,,5.0
cfg_0399,delayed_replay_batch_dump,50,150,500,0.9,20.0,80.0,,20.0
cfg_0400,delayed_replay_batch_dump,50,150,500,0.9,50.0,200.0,,1.0
cfg_0401,delayed_replay_batch_dump,50,150,500,0.9,50.0,200.0,,5.0
cfg_0402,delayed_replay_batch_dump,50,150,500,0.9,50.0,200.0,,20.0
cfg_0403,delayed_replay_batch_dump,50,150,500,0.9,200.0,600.0,,1.0
cfg_0404,delayed_replay_batch_dump,50,150,500,0.9,200.0,600.0,,5.0
cfg_0405,delayed_replay_batch_dump,50,150,500,0.9,200.0,600.0,,20.0
cfg_0406,delayed_replay_batch_dump,200,500,10,0.2,20.0,80.0,,1.0
cfg_0407,delayed_replay_batch_dump,200,500,10,0.2,20.0,80.0,,5.0
cfg_0408,delayed_replay_batch_dump,200,500,10,0.2,20.0,80.0,,20.0
cfg_0409,delayed_replay_batch_dump,200,500,10,0.2,50.0,200.0,,1.0
cfg_0410,delayed_replay_batch_dump,200,500,10,0.2,50.0,200.0,,5.0
cfg_0411,delayed_replay_batch_dump,200,500,10,0.2,50.0,200.0,,20.0
cfg_0412,delayed_replay_batch_dump,200,500,10,0.2,200.0,600.0,,1.0
cfg_0413,delayed_replay_batch_dump,200,500,10,0.2,200.0,600.0,,5.0
cfg_0414,delayed_replay_batch_dump,200,500,10,0.2,200.0,600.0,,20.0
cfg_0415,delayed_replay_batch_dump,200,500,10,0.5,20.0,80.0,,1.0
cfg_0416,delayed_replay_batch_dump,200,500,10,0.5,20.0,80.0,,5.0
cfg_0417,delayed_replay_batch_dump,200,500,10,0.5,20.0,80.0,,20.0
cfg_0418,delayed_replay_batch_dump,200,500,10,0.5,50.0,200.0,,1.0
cfg_0419,delayed_replay_batch_dump,200,500,10,0.5,50.0,200.0,,5.0
cfg_0420,delayed_replay_batch_dump,200,500,10,0.5,50.0,200.0,,20.0
cfg_0421,delayed_replay_batch_dump,200,500,10,0.5,200.0,600.0,,1.0
cfg_0422,delayed_replay_batch_dump,200,500,10,0.5,200.0,600.0,,5.0
cfg_0423,delayed_replay_batch_dump,200,500,10,0.5,200.0,600.0,,20.0
cfg_0424,delayed_replay_batch_dump,200,500,10,0.9,20.0,80.0,,1.0
cfg_0425,delayed_replay_batch_dump,200,500,10,0.9,20.0,80.0,,5.0
cfg_0426,delayed_replay_batch_dump,200,500,10,0.9,20.0,80.0,,20.0
cfg_0427,delayed_replay_batch_dump,200,500,10,0.9,50.0,200.0,,1.0
cfg_0428,delayed_replay_batch_dump,200,500,10,0.9,50.0,200.0,,5.0
cfg_0429,delayed_replay_batch_dump,200,500,10,0.9,50.0,200.0,,20.0
cfg_0430,delayed_replay_batch_dump,200,500,10,0.9,200.0,600.0,,1.0
cfg_0431,delayed_replay_batch_dump,200,500,10,0.9,200.0,600.0,,5.0
cfg_0432,delayed_replay_batch_dump,200,500,10,0.9,200.0,600.0,,20.0
cfg_0433,delayed_replay_batch_dump,200,500,100,0.2,20.0,80.0,,1.0
cfg_0434,delayed_replay_batch_dump,200,500,100,0.2,20.0,80.0,,5.0
cfg_0435,delayed_replay_batch_dump,200,500,100,0.2,20.0,80.0,,20.0
cfg_0436,delayed_replay_batch_dump,200,500,100,0.2,50.0,200.0,,1.0
cfg_0437,delayed_replay_batch_dump,200,500,100,0.2,50.0,200.0,,5.0
cfg_0438,delayed_replay_batch_dump,200,500,100,0.2,50.0,200.0,,20.0
cfg_0439,delayed_replay_batch_dump,200,500,100,0.2,200.0,600.0,,1.0
cfg_0440,delayed_replay_batch_dump,200,500,100,0.2,200.0,600.0,,5.0
cfg_0441,delayed_replay_batch_dump,200,500,100,0.2,200.0,600.0,,20.0
cfg_0442,delayed_replay_batch_dump,200,500,100,0.5,20.0,80.0,,1.0
cfg_0443,delayed_replay_batch_dump,200,500,100,0.5,20.0,80.0,,5.0
cfg_0444,delayed_replay_batch_dump,200,500,100,0.5,20.0,80.0,,20.0
cfg_0445,delayed_replay_batch_dump,200,500,100,0.5,50.0,200.0,,1.0
cfg_0446,delayed_replay_batch_dump,200,500,100,0.5,50.0,200.0,,5.0
cfg_0447,delayed_replay_batch_dump,200,500,100,0.5,50.0,200.0,,20.0
cfg_0448,delayed_replay_batch_dump,200,500,100,0.5,200.0,600.0,,1.0
cfg_0449,delayed_replay_batch_dump,200,500,100,0.5,200.0,600.0,,5.0
cfg_0450,delayed_replay_batch_dump,200,500,100,0.5,200.0,600.0,,20.0
cfg_0451,delayed_replay_batch_dump,200,500,100,0.9,20.0,80.0,,1.0
cfg_0452,delayed_replay_batch_dump,200,500,100,0.9,20.0,80.0,,5.0
cfg_0453,delayed_replay_batch_dump,200,500,100,0.9,20.0,80.0,,20.0
cfg_0454,delayed_replay_batch_dump,200,500,100,0.9,50.0,200.0,,1.0
cfg_0455,delayed_replay_batch_dump,200,500,100,0.9,50.0,200.0,,5.0
cfg_0456,delayed_replay_batch_dump,200,500,100,0.9,50.0,200.0,,20.0
cfg_0457,delayed_replay_batch_dump,200,500,100,0.9,200.0,600.0,,1.0
cfg_0458,delayed_replay_batch_dump,200,500,100,0.9,200.0,600.0,,5.0
cfg_0459,delayed_replay_batch_dump,200,500,100,0.9,200.0,600.0,,20.0
cfg_0460,delayed_replay_batch_dump,200,500,500,0.2,20.0,80.0,,1.0
cfg_0461,delayed_replay_batch_dump,200,500,500,0.2,20.0,80.0,,5.0
cfg_0462,delayed_replay_batch_dump,200,500,500,0.2,20.0,80.0,,20.0
cfg_0463,delayed_replay_batch_dump,200,500,500,0.2,50.0,200.0,,1.0
cfg_0464,delayed_replay_batch_dump,200,500,500,0.2,50.0,200.0,,5.0
cfg_0465,delayed_replay_batch_dump,200,500,500,0.2,50.0,200.0,,20.0
cfg_0466,delayed_replay_batch_dump,200,500,500,0.2,200.0,600.0,,1.0
cfg_0467,delayed_replay_batch_dump,200,500,500,0.2,200.0,600.0,,5.0
cfg_0468,delayed_replay_batch_dump,200,500,500,0.2,200.0,600.0,,20.0
cfg_0469,delayed_replay_batch_dump,200,500,500,0.5,20.0,80.0,,1.0
cfg_0470,delayed_replay_batch_dump,200,500,500,0.5,20.0,80.0,,5.0
cfg_0471,delayed_replay_batch_dump,200,500,500,0.5,20.0,80.0,,20.0
cfg_0472,delayed_replay_batch_dump,200,500,500,0.5,50.0,200.0,,1.0
cfg_0473,delayed_replay_batch_dump,200,500,500,0.5,50.0,200.0,,5.0
cfg_0474,delayed_replay_batch_dump,200,500,500,0.5,50.0,200.0,,20.0
cfg_0475,delayed_replay_batch_dump,200,500,500,0.5,200.0,600.0,,1.0
cfg_0476,delayed_replay_batch_dump,200,500,500,0.5,200.0,600.0,,5.0
cfg_0477,delayed_replay_batch_dump,200,500,500,0.5,200.0,600.0,,20.0
cfg_0478,delayed_replay_batch_dump,200,500,500,0.9,20.0,80.0,,1.0
cfg_0479,delayed_replay_batch_dump,200,500,500,0.9,20.0,80.0,,5.0
cfg_0480,delayed_replay_batch_dump,200,500,500,0.9,20.0,80.0,,20.0
cfg_0481,delayed_replay_batch_dump,200,500,500,0.9,50.0,200.0,,1.0
cfg_0482,delayed_replay_batch_dump,200,500,500,0.9,50.0,200.0,,5.0
cfg_0483,delayed_replay_batch_dump,200,500,500,0.9,50.0,200.0,,20.0
cfg_0484,delayed_replay_batch_dump,200,500,500,0.9,200.0,600.0,,1.0
cfg_0485,delayed_replay_batch_dump,200,500,500,0.9,200.0,600.0,,5.0
cfg_0486,delayed_replay_batch_dump,200,500,500,0.9,200.0,600.0,,20.0
cfg_0487,delayed_replay_batch_dump,800,1500,10,0.2,20.0,80.0,,1.0
cfg_0488,delayed_replay_batch_dump,800,1500,10,0.2,20.0,80.0,,5.0
cfg_0489,delayed_replay_batch_dump,800,1500,10,0.2,20.0,80.0,,20.0
cfg_0490,delayed_replay_batch_dump,800,1500,10,0.2,50.0,200.0,,1.0
cfg_0491,delayed_replay_batch_dump,800,1500,10,0.2,50.0,200.0,,5.0
cfg_0492,delayed_replay_batch_dump,800,1500,10,0.2,50.0,200.0,,20.0
cfg_0493,delayed_replay_batch_dump,800,1500,10,0.2,200.0,600.0,,1.0
cfg_0494,delayed_replay_batch_dump,800,1500,10,0.2,200.0,600.0,,5.0
cfg_0495,delayed_replay_batch_dump,800,1500,10,0.2,200.0,600.0,,20.0
cfg_0496,delayed_replay_batch_dump,800,1500,10,0.5,20.0,80.0,,1.0
cfg_0497,delayed_replay_batch_dump,800,1500,10,0.5,20.0,80.0,,5.0
cfg_0498,delayed_replay_batch_dump,800,1500,10,0.5,20.0,80.0,,20.0
cfg_0499,delayed_replay_batch_dump,800,1500,10,0.5,50.0,200.0,,1.0
cfg_0500,delayed_replay_batch_dump,800,1500,10,0.5,50.0,200.0,,5.0
cfg_0501,delayed_replay_batch_dump,800,1500,10,0.5,50.0,200.0,,20.0
cfg_0502,delayed_replay_batch_dump,800,1500,10,0.5,200.0,600.0,,1.0
cfg_0503,delayed_replay_batch_dump,800,1500,10,0.5,200.0,600.0,,5.0
cfg_0504,delayed_replay_batch_dump,800,1500,10,0.5,200.0,600.0,,20.0
cfg_0505,delayed_replay_batch_dump,800,1500,10,0.9,20.0,80.0,,1.0
cfg_0506,delayed_replay_batch_dump,800,1500,10,0.9,20.0,80.0,,5.0
cfg_0507,delayed_replay_batch_dump,800,1500,10,0.9,20.0,80.0,,20.0
cfg_0508,delayed_replay_batch_dump,800,1500,10,0.9,50.0,200.0,,1.0
cfg_0509,delayed_replay_batch_dump,800,1500,10,0.9,50.0,200.0,,5.0
cfg_0510,delayed_replay_batch_dump,800,1500,10,0.9,50.0,200.0,,20.0
cfg_0511,delayed_replay_batch_dump,800,1500,10,0.9,200.0,600.0,,1.0
cfg_0512,delayed_replay_batch_dump,800,1500,10,0.9,200.0,600.0,,5.0
cfg_0513,delayed_replay_batch_dump,800,1500,10,0.9,200.0,600.0,,20.0
cfg_0514,delayed_replay_batch_dump,800,1500,100,0.2,20.0,80.0,,1.0
cfg_0515,delayed_replay_batch_dump,800,1500,100,0.2,20.0,80.0,,5.0
cfg_0516,delayed_replay_batch_dump,800,1500,100,0.2,20.0,80.0,,20.0
cfg_0517,delayed_replay_batch_dump,800,1500,100,0.2,50.0,200.0,,1.0
cfg_0518,delayed_replay_batch_dump,800,1500,100,0.2,50.0,200.0,,5.0
cfg_0519,delayed_replay_batch_dump,800,1500,100,0.2,50.0,200.0,,20.0
cfg_0520,delayed_replay_batch_dump,800,1500,100,0.2,200.0,600.0,,1.0
cfg_0521,delayed_replay_batch_dump,800,1500,100,0.2,200.0,600.0,,5.0
cfg_0522,delayed_replay_batch_dump,800,1500,100,0.2,200.0,600.0,,20.0
cfg_0523,delayed_replay_batch_dump,800,1500,100,0.5,20.0,80.0,,1.0
cfg_0524,delayed_replay_batch_dump,800,1500,100,0.5,20.0,80.0,,5.0
cfg_0525,delayed_replay_batch_dump,800,1500,100,0.5,20.0,80.0,,20.0
cfg_0526,delayed_replay_batch_dump,800,1500,100,0.5,50.0,200.0,,1.0
cfg_0527,delayed_replay_batch_dump,800,1500,100,0.5,50.0,200.0,,5.0
cfg_0528,delayed_replay_batch_dump,800,1500,100,0.5,50.0,200.0,,20.0
cfg_0529,delayed_replay_batch_dump,800,1500,100,0.5,200.0,600.0,,1.0
cfg_0530,delayed_replay_batch_dump,800,1500,100,0.5,200.0,600.0,,5.0
cfg_0531,delayed_replay_batch_dump,800,1500,100,0.5,200.0,600.0,,20.0
cfg_0532,delayed_replay_batch_dump,800,1500,100,0.9,20.0,80.0,,1.0
cfg_0533,delayed_replay_batch_dump,800,1500,100,0.9,20.0,80.0,,5.0
cfg_0534,delayed_replay_batch_dump,800,1500,100,0.9,20.0,80.0,,20.0
cfg_0535,delayed_replay_batch_dump,800,1500,100,0.9,50.0,200.0,,1.0
cfg_0536,delayed_replay_batch_dump,800,1500,100,0.9,50.0,200.0,,5.0
cfg_0537,delayed_replay_batch_dump,800,1500,100,0.9,50.0,200.0,,20.0
cfg_0538,delayed_replay_batch_dump,800,1500,100,0.9,200.0,600.0,,1.0
cfg_0539,delayed_replay_batch_dump,800,1500,100,0.9,200.0,600.0,,5.0
cfg_0540,delayed_replay_batch_dump,800,1500,100,0.9,200.0,600.0,,20.0
cfg_0541,delayed_replay_batch_dump,800,1500,500,0.2,20.0,80.0,,1.0
cfg_0542,delayed_replay_batch_dump,800,1500,500,0.2,20.0,80.0,,5.0
cfg_0543,delayed_replay_batch_dump,800,1500,500,0.2,20.0,80.0,,20.0
cfg_0544,delayed_replay_batch_dump,800,1500,500,0.2,50.0,200.0,,1.0
cfg_0545,delayed_replay_batch_dump,800,1500,500,0.2,50.0,200.0,,5.0
cfg_0546,delayed_replay_batch_dump,800,1500,500,0.2,50.0,200.0,,20.0
cfg_0547,delayed_replay_batch_dump,800,1500,500,0.2,200.0,600.0,,1.0
cfg_0548,delayed_replay_batch_dump,800,1500,500,0.2,200.0,600.0,,5.0
cfg_0549,delayed_replay_batch_dump,800,1500,500,0.2,200.0,600.0,,20.0
cfg_0550,delayed_replay_batch_dump,800,1500,500,0.5,20.0,80.0,,1.0
cfg_0551,delayed_replay_batch_dump,800,1500,500,0.5,20.0,80.0,,5.0
cfg_0552,delayed_replay_batch_dump,800,1500,500,0.5,20.0,80.0,,20.0
cfg_0553,delayed_replay_batch_dump,800,1500,500,0.5,50.0,200.0,,1.0
cfg_0554,delayed_replay_batch_dump,800,1500,500,0.5,50.0,200.0,,5.0
cfg_0555,delayed_replay_batch_dump,800,1500,500,0.5,50.0,200.0,,20.0
cfg_0556,delayed_replay_batch_dump,800,1500,500,0.5,200.0,600.0,,1.0
cfg_0557,delayed_replay_batch_dump,800,1500,500,0.5,200.0,600.0,,5.0
cfg_0558,delayed_replay_batch_dump,800,1500,500,0.5,200.0,600.0,,20.0
cfg_0559,delayed_replay_batch_dump,800,1500,500,0.9,20.0,80.0,,1.0
cfg_0560,delayed_replay_batch_dump,800,1500,500,0.9,20.0,80.0,,5.0
cfg_0561,delayed_replay_batch_dump,800,1500,500,0.9,20.0,80.0,,20.0
cfg_0562,delayed_replay_batch_dump,800,1500,500,0.9,50.0,200.0,,1.0
cfg_0563,delayed_replay_batch_dump,800,1500,500,0.9,50.0,200.0,,5.0
cfg_0564,delayed_replay_batch_dump,800,1500,500,0.9,50.0,200.0,,20.0
cfg_0565,delayed_replay_batch_dump,800,1500,500,0.9,200.0,600.0,,1.0
cfg_0566,delayed_replay_batch_dump,800,1500,500,0.9,200.0,600.0,,5.0
cfg_0567,delayed_replay_batch_dump,800,1500,500,0.9,200.0,600.0,,20.0
cfg_0568,delayed_replay_double_drop,50,150,10,0.2,20.0,80.0,,
cfg_0569,delayed_replay_double_drop,50,150,10,0.2,50.0,200.0,,
cfg_0570,delayed_replay_double_drop,50,150,10,0.2,200.0,600.0,,
cfg_0571,delayed_replay_double_drop,50,150,10,0.5,20.0,80.0,,
cfg_0572,delayed_replay_double_drop,50,150,10,0.5,50.0,200.0,,
cfg_0573,delayed_replay_double_drop,50,150,10,0.5,200.0,600.0,,
cfg_0574,delayed_replay_double_drop,50,150,10,0.9,20.0,80.0,,
cfg_0575,delayed_replay_double_drop,50,150,10,0.9,50.0,200.0,,
cfg_0576,delayed_replay_double_drop,50,150,10,0.9,200.0,600.0,,
cfg_0577,delayed_replay_double_drop,50,150,100,0.2,20.0,80.0,,
cfg_0578,delayed_replay_double_drop,50,150,100,0.2,50.0,200.0,,
cfg_0579,delayed_replay_double_drop,50,150,100,0.2,200.0,600.0,,
cfg_0580,delayed_replay_double_drop,50,150,100,0.5,20.0,80.0,,
cfg_0581,delayed_replay_double_drop,50,150,100,0.5,50.0,200.0,,
cfg_0582,delayed_replay_double_drop,50,150,100,0.5,200.0,600.0,,
cfg_0583,delayed_replay_double_drop,50,150,100,0.9,20.0,80.0,,
cfg_0584,delayed_replay_double_drop,50,150,100,0.9,50.0,200.0,,
cfg_0585,delayed_replay_double_drop,50,150,100,0.9,200.0,600.0,,
cfg_0586,delayed_replay_double_drop,50,150,500,0.2,20.0,80.0,,
cfg_0587,delayed_replay_double_drop,50,150,500,0.2,50.0,200.0,,
cfg_0588,delayed_replay_double_drop,50,150,500,0.2,200.0,600.0,,
cfg_0589,delayed_replay_double_drop,50,150,500,0.5,20.0,80.0,,
cfg_0590,delayed_replay_double_drop,50,150,500,0.5,50.0,200.0,,
cfg_0591,delayed_replay_double_drop,50,150,500,0.5,200.0,600.0,,
cfg_0592,delayed_replay_double_drop,50,150,500,0.9,20.0,80.0,,
cfg_0593,delayed_replay_double_drop,50,150,500,0.9,50.0,200.0,,
cfg_0594,delayed_replay_double_drop,50,150,500,0.9,200.0,600.0,,
cfg_0595,delayed_replay_double_drop,200,500,10,0.2,20.0,80.0,,
cfg_0596,delayed_replay_double_drop,200,500,10,0.2,50.0,200.0,,
cfg_0597,delayed_replay_double_drop,200,500,10,0.2,200.0,600.0,,
cfg_0598,delayed_replay_double_drop,200,500,10,0.5,20.0,80.0,,
cfg_0599,delayed_replay_double_drop,200,500,10,0.5,50.0,200.0,,
cfg_0600,delayed_replay_double_drop,200,500,10,0.5,200.0,600.0,,
cfg_0601,delayed_replay_double_drop,200,500,10,0.9,20.0,80.0,,
cfg_0602,delayed_replay_double_drop,200,500,10,0.9,50.0,200.0,,
cfg_0603,delayed_replay_double_drop,200,500,10,0.9,200.0,600.0,,
cfg_0604,delayed_replay_double_drop,200,500,100,0.2,20.0,80.0,,
cfg_0605,delayed_replay_double_drop,200,500,100,0.2,50.0,200.0,,
cfg_0606,delayed_replay_double_drop,200,500,100,0.2,200.0,600.0,,
cfg_0607,delayed_replay_double_drop,200,500,100,0.5,20.0,80.0,,
cfg_0608,delayed_replay_double_drop,200,500,100,0.5,50.0,200.0,,
cfg_0609,delayed_replay_double_drop,200,500,100,0.5,200.0,600.0,,
cfg_0610,delayed_replay_double_drop,200,500,100,0.9,20.0,80.0,,
cfg_0611,delayed_replay_double_drop,200,500,100,0.9,50.0,200.0,,
cfg_0612,delayed_replay_double_drop,200,500,100,0.9,200.0,600.0,,
cfg_0613,delayed_replay_double_drop,200,500,500,0.2,20.0,80.0,,
cfg_0614,delayed_replay_double_drop,200,500,500,0.2,50.0,200.0,,
cfg_0615,delayed_replay_double_drop,200,500,500,0.2,200.0,600.0,,
cfg_0616,delayed_replay_double_drop,200,500,500,0.5,20.0,80.0,,
cfg_0617,delayed_replay_double_drop,200,500,500,0.5,50.0,200.0,,
cfg_0618,delayed_replay_double_drop,200,500,500,0.5,200.0,600.0,,
cfg_0619,delayed_replay_double_drop,200,500,500,0.9,20.0,80.0,,
cfg_0620,delayed_replay_double_drop,200,500,500,0.9,50.0,200.0,,
cfg_0621,delayed_replay_double_drop,200,500,500,0.9,200.0,600.0,,
cfg_0622,delayed_replay_double_drop,800,1500,10,0.2,20.0,80.0,,
cfg_0623,delayed_replay_double_drop,800,1500,10,0.2,50.0,200.0,,
cfg_0624,delayed_replay_double_drop,800,1500,10,0.2,200.0,600.0,,
cfg_0625,delayed_replay_double_drop,800,1500,10,0.5,20.0,80.0,,
cfg_0626,delayed_replay_double_drop,800,1500,10,0.5,50.0,200.0,,
cfg_0627,delayed_replay_double_drop,800,1500,10,0.5,200.0,600.0,,
cfg_0628,delayed_replay_double_drop,800,1500,10,0.9,20.0,80.0,,
cfg_0629,delayed_replay_double_drop,800,1500,10,0.9,50.0,200.0,,
cfg_0630,delayed_replay_double_drop,800,1500,10,0.9,200.0,600.0,,
cfg_0631,delayed_replay_double_drop,800,1500,100,0.2,20.0,80.0,,
cfg_0632,delayed_replay_double_drop,800,1500,100,0.2,50.0,200.0,,
cfg_0633,delayed_replay_double_drop,800,1500,100,0.2,200.0,600.0,,
cfg_0634,delayed_replay_double_drop,800,1500,100,0.5,20.0,80.0,,
cfg_0635,delayed_replay_double_drop,800,1500,100,0.5,50.0,200.0,,
cfg_0636,delayed_replay_double_drop,800,1500,100,0.5,200.0,600.0,,
cfg_0637,delayed_replay_double_drop,800,1500,100,0.9,20.0,80.0,,
cfg_0638,delayed_replay_double_drop,800,1500,100,0.9,50.0,200.0,,
cfg_0639,delayed_replay_double_drop,800,1500,100,0.9,200.0,600.0,,
cfg_0640,delayed_replay_double_drop,800,1500,500,0.2,20.0,80.0,,
cfg_0641,delayed_replay_double_drop,800,1500,500,0.2,50.0,200.0,,
cfg_0642,delayed_replay_double_drop,800,1500,500,0.2,200.0,600.0,,
cfg_0643,delayed_replay_double_drop,800,1500,500,0.5,20.0,80.0,,
cfg_0644,delayed_replay_double_drop,800,1500,500,0.5,50.0,200.0,,
cfg_0645,delayed_replay_double_drop,800,1500,500,0.5,200.0,600.0,,
cfg_0646,delayed_replay_double_drop,800,1500,500,0.9,20.0,80.0,,
cfg_0647,delayed_replay_double_drop,800,1500,500,0.9,50.0,200.0,,
cfg_0648,delayed_replay_double_drop,800,1500,500,0.9,200.0,600.0,,
